Trial,units_1,units_2,val_accuracy
02,16,52,0.7302709221839905
01,224,96,0.7350608706474304
00,80,96,0.7323125004768372
03,16,68,0.731448769569397
04,16,28,0.7312917113304138
05,240,8,0.7355319857597351
06,104,36,0.7329407334327698
07,192,56,0.7357675433158875
08,216,52,0.7357675433158875
09,136,4,0.7356890439987183
